<?xml version="1.0" ?>
<!-- =================================================================================== -->
<!-- |    This document was autogenerated by xacro from catvehicle.gazebo              | -->
<!-- |    EDITING THIS FILE BY HAND IS NOT RECOMMENDED                                 | -->
<!-- =================================================================================== -->
<!--

Author: Jonathan Sprinkle, Sam Taylor, Alex Warren
Copyright (c) 2015 Arizona Board of Regents
All rights reserved.

Permission is hereby granted, without written agreement and without 
license or royalty fees, to use, copy, modify, and distribute this
software and its documentation for any purpose, provided that the 
above copyright notice and the following two paragraphs appear in 
all copies of this software.

IN NO EVENT SHALL THE ARIZONA BOARD OF REGENTS BE LIABLE TO ANY PARTY 
FOR DIRECT, INDIRECT, SPECIAL, INCIDENTAL, OR CONSEQUENTIAL DAMAGES 
ARISING OUT OF THE USE OF THIS SOFTWARE AND ITS DOCUMENTATION, EVEN 
IF THE ARIZONA BOARD OF REGENTS HAS BEEN ADVISED OF THE POSSIBILITY OF 
SUCH DAMAGE.

THE ARIZONA BOARD OF REGENTS SPECIFICALLY DISCLAIMS ANY WARRANTIES, 
INCLUDING, BUT NOT LIMITED TO, THE IMPLIED WARRANTIES OF MERCHANTABILITY 
AND FITNESS FOR A PARTICULAR PURPOSE. THE SOFTWARE PROVIDED HEREUNDER
IS ON AN "AS IS" BASIS, AND THE ARIZONA BOARD OF REGENTS HAS NO OBLIGATION
TO PROVIDE MAINTENANCE, SUPPORT, UPDATES, ENHANCEMENTS, OR MODIFICATIONS.

Summary: 
This file includes the control interfaces for ROS-based control
through Gazebo. For more information and for the tutorials used to create
this file, see
http://gazebosim.org/tutorials/?tut=ros_control#Prerequisites

Sensors are included separately, based on the arguments passed to the xacro include

-->
<robot name="catvehicle">
  <gazebo reference="back_right_wheel_link">
    <mu1>10000</mu1>
    <mu2>10000</mu2>
    <kp>10000000</kp>
    <kd>1</kd>
    <minDepth>0.01</minDepth>
    <maxVel>10.0</maxVel>
  </gazebo>
  <gazebo reference="back_left_wheel_link">
    <mu1>10000</mu1>
    <mu2>10000</mu2>
    <kp>10000000</kp>
    <kd>1</kd>
    <minDepth>0.01</minDepth>
    <maxVel>10.0</maxVel>
  </gazebo>
  <gazebo reference="front_right_wheel_link">
    <mu1>10000</mu1>
    <mu2>10000</mu2>
    <kp>1000000</kp>
    <kd>1</kd>
    <minDepth>0.01</minDepth>
    <maxVel>100.0</maxVel>
  </gazebo>
  <gazebo reference="front_left_wheel_link">
    <mu1>10000</mu1>
    <mu2>10000</mu2>
    <kp>1000000</kp>
    <kd>1</kd>
    <minDepth>0.01</minDepth>
    <maxVel>100.0</maxVel>
  </gazebo>
  <gazebo reference="front_right_steering_link">
    <mu1>0.6</mu1>
    <mu2>0.5</mu2>
    <kp>1000000</kp>
    <kd>0.1</kd>
    <minDepth>0.01</minDepth>
    <maxVel>10.0</maxVel>
  </gazebo>
  <gazebo reference="front_left_steering_link">
    <mu1>0.6</mu1>
    <mu2>0.5</mu2>
    <kp>1000000</kp>
    <kd>0.1</kd>
    <minDepth>0.01</minDepth>
    <maxVel>10.0</maxVel>
  </gazebo>
  <gazebo>
    <plugin filename="libgazebo_ros_control.so" name="gazebo_ros_control">
      <robotNamespace>/catvehicle</robotNamespace>
      <robotSimType>gazebo_ros_control/DefaultRobotHWSim</robotSimType>
    </plugin>
  </gazebo>
  <gazebo>
    <plugin filename="libgazebo_ros_joint_state_publisher.so" name="joint_state_publisher">
      <jointName>back_left_wheel_joint, back_right_wheel_joint, front_left_steering_joint, front_right_steering_joint, front_right_wheel_joint, front_left_wheel_joint</jointName>
      <updateRate>50.0</updateRate>
      <robotNamespace>/catvehicle</robotNamespace>
      <alwaysOn>true</alwaysOn>
    </plugin>
  </gazebo>
  <gazebo>
    <plugin filename="libcatvehiclegazebo.so" name="cmdvel_controller">
      <robotNamespace>/catvehicle</robotNamespace>
    </plugin>
  </gazebo>
</robot>
